member,phrase,phrase_label,augmentation,mfcc_1_mean,mfcc_2_mean,mfcc_3_mean,mfcc_4_mean,mfcc_5_mean,mfcc_6_mean,mfcc_7_mean,mfcc_8_mean,mfcc_9_mean,mfcc_10_mean,mfcc_11_mean,mfcc_12_mean,mfcc_13_mean,mfcc_1_std,mfcc_2_std,mfcc_3_std,mfcc_4_std,mfcc_5_std,mfcc_6_std,mfcc_7_std,mfcc_8_std,mfcc_9_std,mfcc_10_std,mfcc_11_std,mfcc_12_std,mfcc_13_std,rolloff_mean,rolloff_std,rms_mean,rms_std,zcr_mean,centroid_mean
Glory,approve,"Yes, approve",original,-316.24176025390625,58.979496002197266,142.94305419921875,41.43317413330078,-14.5488862991333,17.89825439453125,43.27989196777344,14.261697769165039,12.499125480651855,10.604841232299805,9.8521089553833,13.446776390075684,-5.809309005737305,10.156482696533203,-4.807453155517578,8.676811218261719,0.42463529109954834,6.101781845092773,-2.1495471000671387,5.595395088195801,7.029605388641357,7.170353412628174,1.2272813320159912,6.152355194091797,1.2061340808868408,5.654994487762451,2986.1044240552324,1585.4287670642857,0.025359662249684334,0.022167973220348358,0.07594098231589147,1458.5991311935325
Glory,approve,"Yes, approve",pitch_up,-342.45819091796875,54.20328140258789,134.24485778808594,38.76526641845703,-12.93498420715332,17.588109970092773,44.8314094543457,14.58365535736084,5.97442626953125,9.176156997680664,5.6421380043029785,13.765480995178223,-11.843050003051758,9.031922340393066,1.0118070840835571,9.793530464172363,-0.24118751287460327,6.354381084442139,3.5784828662872314,7.521597862243652,5.627987384796143,7.305833339691162,-1.5561225414276123,6.029209136962891,2.078413724899292,4.914112567901611,3335.3095476017443,1610.945028068653,0.016550956293940544,0.01373108197003603,0.08302295300387597,1606.7659671604042
Glory,approve,"Yes, approve",pitch_down,-362.32049560546875,54.84769058227539,149.38304138183594,38.15889358520508,-17.790742874145508,15.95144271850586,41.64487075805664,13.174398422241211,15.781275749206543,15.475648880004883,14.030280113220215,13.61249828338623,-1.7870333194732666,13.563632011413574,-4.78378963470459,7.913990020751953,-2.07328724861145,7.393345355987549,-2.6140291690826416,5.4217729568481445,0.1334252506494522,4.840913772583008,8.737874031066895,8.996993064880371,-1.6363751888275146,7.254912376403809,2681.3010992005816,1401.9133300173223,0.017072763293981552,0.014709957875311375,0.06483542272286821,1300.8958361521254
Glory,approve,"Yes, approve",time_stretch_fast,-354.1732177734375,58.9767951965332,144.51820373535156,41.72958755493164,-17.706073760986328,18.60785675048828,44.907447814941406,13.69826889038086,10.653108596801758,11.26348876953125,11.96995735168457,13.795184135437012,-7.474692344665527,11.028250694274902,-2.9727792739868164,7.863019943237305,0.5342041850090027,6.236550807952881,-0.5036183595657349,5.2973222732543945,7.922909259796143,6.6140666007995605,2.152423143386841,6.524155616760254,1.4842064380645752,6.905474662780762,3016.741943359375,1555.642810240539,0.016338080167770386,0.01291516050696373,0.07403338396990741,1471.185591845791
Glory,approve,"Yes, approve",time_stretch_slow,-351.76239013671875,54.40814971923828,138.0775146484375,39.246177673339844,-12.124859809875488,17.85910987854004,41.45477294921875,13.86910343170166,15.127476692199707,11.390544891357422,8.50772762298584,13.481144905090332,-5.715287208557129,10.769790649414062,-5.217279434204102,7.844392776489258,1.1621023416519165,6.2061262130737305,-1.6627103090286255,6.275613784790039,6.951127529144287,7.4295125007629395,1.6967837810516357,7.348561763763428,0.796994149684906,5.935044765472412,3024.635877107319,1559.8646513888339,0.016692720353603363,0.014878232963383198,0.07397782175164473,1470.2569337973139
Glory,approve,"Yes, approve",add_noise,-293.3456115722656,47.75448989868164,114.70223236083984,31.60689926147461,6.195091247558594,15.072321891784668,29.77625274658203,13.403990745544434,19.50688362121582,11.371116638183594,6.629904747009277,13.395832061767578,-5.070688247680664,9.334368705749512,-3.899155616760254,7.2500200271606445,-0.7561800479888916,6.161359786987305,-0.600350022315979,5.133123874664307,5.8022050857543945,7.431128025054932,1.8147404193878174,5.904569625854492,1.093272089958191,5.147902965545654,3874.5577080305234,1608.940358172969,0.02538289502263069,0.02216176874935627,0.0826217296511628,1880.0213697122622
Glory,approve,"Yes, approve",reverse,-314.87689208984375,55.80929183959961,142.79592895507812,40.7728271484375,-14.176774978637695,17.38845443725586,42.77593231201172,14.191292762756348,12.959826469421387,10.765165328979492,9.485132217407227,13.477375984191895,-5.473291873931885,10.343338012695312,-4.877477169036865,8.68430233001709,0.5902882814407349,6.072032451629639,-2.1305899620056152,5.568928241729736,7.038714408874512,7.2108154296875,1.3351340293884277,6.2105255126953125,1.123674750328064,5.599981784820557,2983.3501771438955,1592.2675025395404,0.025364631786942482,0.022173846140503883,0.07615673449612403,1456.2735018684045
Glory,confirm,Confirm transaction,original,-298.16400146484375,58.29495620727539,151.66796875,36.769859313964844,-6.471691608428955,19.190893173217773,30.0986270904541,22.102188110351562,-8.420614242553711,11.843602180480957,6.5140156745910645,10.800004959106445,-7.401870250701904,11.136181831359863,3.354238986968994,9.142013549804688,-6.246504783630371,9.81183910369873,3.469949960708618,9.015997886657715,-5.826447010040283,12.146778106689453,-1.3818769454956055,9.127460479736328,-6.899007797241211,11.15629768371582,2659.264453125,1699.7970092994892,0.0356525294482708,0.026602784171700478,0.06241015625,1386.3280863487787
Glory,confirm,Confirm transaction,pitch_up,-320.9131774902344,59.24542236328125,143.04238891601562,34.422386169433594,-7.089757919311523,16.902881622314453,22.322410583496094,23.18496322631836,-11.481163024902344,10.795853614807129,3.980093479156494,12.218360900878906,-6.955358028411865,10.57365608215332,1.8329510688781738,10.086747169494629,-5.8380632400512695,7.489746570587158,0.8474604487419128,9.120743751525879,-8.125712394714355,13.094599723815918,-1.877214789390564,10.635177612304688,-5.525169849395752,8.94283390045166,2837.6455078125,1625.4207691506906,0.02533412165939808,0.018929751589894295,0.07054296875,1498.1493448499614
Glory,confirm,Confirm transaction,pitch_down,-344.8614196777344,57.20367431640625,162.36839294433594,32.981815338134766,-10.255313873291016,19.790977478027344,37.429988861083984,20.04557991027832,-10.231748580932617,12.709968566894531,10.663249015808105,9.96408462524414,-9.454195022583008,11.012065887451172,4.83760404586792,9.964250564575195,-7.900505542755127,12.349892616271973,3.3438985347747803,9.633771896362305,-3.7167654037475586,12.563366889953613,0.08558468520641327,9.169868469238281,-4.534465789794922,10.911341667175293,2319.901171875,1409.9868900861607,0.024944180622696877,0.01789221167564392,0.05616015625,1212.6873707486334
Glory,confirm,Confirm transaction,time_stretch_fast,-331.3747863769531,59.80039978027344,149.9453125,33.4421272277832,-6.016617298126221,17.233659744262695,27.33248519897461,22.705286026000977,-8.988503456115723,11.478270530700684,5.20815372467041,11.094754219055176,-6.947628498077393,11.305333137512207,1.962626576423645,9.085891723632812,-5.964760780334473,8.740113258361816,2.1824841499328613,9.413897514343262,-6.19075870513916,12.578700065612793,-1.3020594120025635,10.6902437210083,-7.013785362243652,11.640058517456055,2622.5390625,1534.1613200738761,0.024910062551498413,0.01849536970257759,0.06088634672619048,1371.6195452568065
Glory,confirm,Confirm transaction,time_stretch_slow,-333.4989013671875,59.49616622924805,149.706298828125,34.33407974243164,-5.670286655426025,18.90276527404785,28.425682067871094,22.30725860595703,-7.8477067947387695,11.791784286499023,5.926449298858643,11.245031356811523,-6.870079040527344,11.371086120605469,2.6627140045166016,9.575077056884766,-5.1466145515441895,9.478031158447266,2.7503716945648193,9.261938095092773,-5.582623481750488,11.840008735656738,-1.7444658279418945,9.665218353271484,-6.831573009490967,11.431281089782715,2615.120222761824,1579.7223947360792,0.024540763348340988,0.018518498167395592,0.06356894003378379,1369.3034055232542
Glory,confirm,Confirm transaction,add_noise,-274.64923095703125,48.951698303222656,122.81305694580078,33.07476806640625,14.739317893981934,17.136690139770508,14.988802909851074,19.24027442932129,2.0371997356414795,12.540999412536621,-1.025468111038208,9.899480819702148,-1.6113804578781128,9.828437805175781,-1.186511516571045,8.152653694152832,-2.516096591949463,7.88114070892334,0.4020567834377289,8.056126594543457,-3.5654778480529785,9.052412033081055,-3.0970137119293213,9.569748878479004,-5.271078109741211,9.421955108642578,3728.86171875,1867.7374311722078,0.03568461909890175,0.026580844074487686,0.07156640625,1807.9826258027456
Glory,confirm,Confirm transaction,reverse,-297.3022155761719,56.173343658447266,152.66595458984375,35.12779998779297,-6.700888156890869,18.93025016784668,29.808887481689453,21.93168067932129,-8.356392860412598,11.889012336730957,6.5320210456848145,10.80394172668457,-7.300379276275635,11.2083101272583,3.327512502670288,9.132172584533691,-6.072647571563721,9.833914756774902,3.4882113933563232,9.010241508483887,-5.730087757110596,12.249034881591797,-1.4403260946273804,9.083220481872559,-6.834908485412598,11.21204662322998,2619.9017578125,1649.7856871632525,0.035703785717487335,0.026541126891970634,0.06189453125,1363.0896036488032
Kevin,approve,"Yes, approve",original,-327.7100524902344,175.97903442382812,83.32952117919922,63.918251037597656,25.616636276245117,31.259477615356445,22.12725067138672,21.626249313354492,13.255865097045898,16.162538528442383,12.981359481811523,18.379064559936523,1.7187405824661255,11.458328247070312,4.950888633728027,12.17844295501709,-4.645803928375244,10.839862823486328,1.5792409181594849,7.961616039276123,1.3035528659820557,10.289327621459961,-1.8280905485153198,11.975205421447754,-1.9768390655517578,10.106606483459473,4474.652777777777,2161.4177080121494,0.07848340272903442,0.0993056446313858,0.08924093364197531,2052.8915523671208
Kevin,approve,"Yes, approve",pitch_up,-346.5841979980469,184.09681701660156,84.42915344238281,57.85017013549805,25.167911529541016,33.145912170410156,19.852127075195312,19.263748168945312,12.772858619689941,16.252044677734375,6.980721950531006,13.945068359375,0.47153910994529724,14.818134307861328,0.5138095617294312,11.558629035949707,-6.111056327819824,9.45893669128418,1.3445203304290771,9.784246444702148,-2.545900344848633,11.874258995056152,-4.6303839683532715,9.41650104522705,2.9325222969055176,6.604708671569824,4776.383463541667,2170.976560575694,0.056723084300756454,0.07240130752325058,0.09563078703703703,2197.1550576599334
Kevin,approve,"Yes, approve",pitch_down,-354.1284484863281,174.9158477783203,87.25226593017578,64.73976135253906,17.931608200073242,29.113183975219727,29.112926483154297,23.531940460205078,6.208273410797119,18.96361541748047,19.663257598876953,21.322603225708008,-2.8564555644989014,13.373669624328613,11.67210578918457,9.966682434082031,-6.637101650238037,14.438277244567871,2.763432741165161,7.625387668609619,-3.1427509784698486,9.170623779296875,5.45625114440918,8.489556312561035,-8.683701515197754,15.53145980834961,4116.164822048611,1829.3920841672793,0.05658842623233795,0.07293794304132462,0.0784203800154321,1863.8471823829618
Kevin,approve,"Yes, approve",time_stretch_fast,-346.3004455566406,182.89666748046875,83.23858642578125,61.49128723144531,24.31575584411621,31.24909019470215,22.66269302368164,18.864131927490234,12.193177223205566,15.170305252075195,11.965215682983398,16.354076385498047,0.43076783418655396,12.26734447479248,5.010113716125488,10.78940486907959,-5.579007625579834,10.761859893798828,0.6342784762382507,7.483935832977295,0.08670473098754883,9.92383861541748,-2.375617027282715,11.885021209716797,-2.664039373397827,9.225774765014648,4495.05615234375,2056.4644186562336,0.05801837891340256,0.07200785726308823,0.08893181295955882,2051.5451242939
Kevin,approve,"Yes, approve",time_stretch_slow,-353.7974548339844,180.00218200683594,83.43889617919922,61.627986907958984,24.4592342376709,31.57112693786621,22.07456398010254,18.962289810180664,13.085342407226562,15.567466735839844,12.006381034851074,17.326187133789062,0.3160669505596161,12.70640754699707,4.763233661651611,10.755572319030762,-5.024617671966553,10.867793083190918,1.6675790548324585,7.631974220275879,1.2334671020507812,10.528837203979492,-1.719692587852478,12.41938591003418,-2.1505510807037354,9.435871124267578,4458.158111572266,2134.7871881663673,0.0553409568965435,0.07272467017173767,0.0867919921875,2040.759821437444
Kevin,approve,"Yes, approve",add_noise,-248.3003692626953,112.07342529296875,55.739566802978516,64.6046371459961,18.68471908569336,28.147014617919922,13.703213691711426,18.803030014038086,8.197169303894043,12.469286918640137,8.762080192565918,16.44493865966797,1.12174654006958,10.943675994873047,3.5953211784362793,11.290350914001465,-2.4552342891693115,9.918655395507812,0.9817303419113159,7.7715864181518555,2.0196824073791504,8.726820945739746,-1.8026477098464966,12.064165115356445,-0.7439187169075012,8.577305793762207,6946.983506944444,2989.723478683415,0.07935776561498642,0.09868097305297852,0.27728346836419754,3789.129364867665
Kevin,approve,"Yes, approve",reverse,-330.00909423828125,177.7095489501953,83.27485656738281,63.7954216003418,26.027698516845703,31.409223556518555,21.8470401763916,20.8620548248291,13.370450019836426,16.248638153076172,12.921453475952148,18.40365219116211,1.6796625852584839,11.368654251098633,5.018774509429932,11.790942192077637,-4.3877973556518555,10.836918830871582,1.489121437072754,7.769619464874268,1.4618864059448242,10.533003807067871,-1.4152805805206299,11.426898002624512,-1.961863398551941,10.136932373046875,4412.711588541667,2195.4737468371795,0.07815691828727722,0.09943237900733948,0.0890842013888889,2040.0794372476528
Kevin,confirm,Confirm transaction,original,-406.33856201171875,130.4136962890625,74.70549774169922,63.59051513671875,28.7944278717041,24.159622192382812,20.108400344848633,18.396484375,11.121866226196289,14.514975547790527,5.860381126403809,20.659547805786133,2.2220730781555176,13.703353881835938,3.0020899772644043,11.376094818115234,2.5028975009918213,11.593156814575195,2.6642653942108154,8.446329116821289,-0.0693909302353859,11.41563892364502,2.627187967300415,10.364519119262695,1.5320866107940674,7.573859214782715,4893.953890413852,2198.476728631224,0.03807317465543747,0.06439810991287231,0.0977882179054054,2302.22355885189
Kevin,confirm,Confirm transaction,pitch_up,-432.8060607910156,136.74569702148438,77.54654693603516,61.20467758178711,28.142866134643555,27.605464935302734,18.15765380859375,18.316205978393555,8.23696231842041,15.807231903076172,1.9888709783554077,20.128637313842773,2.344721555709839,14.647981643676758,2.0514004230499268,15.381895065307617,2.6594834327697754,9.88684368133545,-0.1607411652803421,11.395813941955566,1.2249232530593872,11.241300582885742,0.7995476722717285,8.096901893615723,2.7579915523529053,8.119344711303711,5107.055004222973,2397.7321421997385,0.02740665152668953,0.04379156604409218,0.11216392173423423,2418.830713129616
Kevin,confirm,Confirm transaction,pitch_down,-446.11590576171875,134.8609619140625,86.19239044189453,62.60822296142578,25.003787994384766,21.664949417114258,24.946924209594727,21.863630294799805,9.426515579223633,18.978199005126953,11.400256156921387,22.181455612182617,-2.4115073680877686,15.37572956085205,6.621707916259766,8.609620094299316,-2.90022349357605,14.826300621032715,6.746595859527588,6.933908939361572,-4.7903828620910645,13.237387657165527,5.0212202072143555,11.514278411865234,-3.6417291164398193,13.920740127563477,4401.212125211148,2062.09265112982,0.023974498733878136,0.03648454323410988,0.10040558136261261,2072.761417013361
Kevin,confirm,Confirm transaction,time_stretch_fast,-436.11285400390625,137.225341796875,81.16300964355469,61.626041412353516,28.904865264892578,23.55484390258789,19.484207153320312,18.471450805664062,9.929162979125977,16.209651947021484,4.529789924621582,21.562843322753906,0.816684901714325,14.814112663269043,1.985127329826355,10.028199195861816,1.6439019441604614,11.715493202209473,2.3584797382354736,9.039407730102539,-1.1156494617462158,11.848455429077148,2.224092960357666,10.982723236083984,1.0724761486053467,8.496808052062988,4991.607135275136,2356.8995285547417,0.02514021471142769,0.038009729236364365,0.11201278023097826,2359.692181272727
Kevin,confirm,Confirm transaction,time_stretch_slow,-443.3927307128906,138.53614807128906,81.42298889160156,62.38254165649414,27.998945236206055,24.594749450683594,19.859506607055664,19.29986000061035,10.712007522583008,16.211910247802734,4.832319259643555,21.410415649414062,1.2739156484603882,14.544413566589355,2.0813329219818115,11.902754783630371,1.1214205026626587,12.121145248413086,2.0997250080108643,8.129717826843262,-1.158705472946167,11.701557159423828,2.3353395462036133,10.236498832702637,1.2741847038269043,8.251486778259277,4945.928297776442,2310.918989151061,0.024139434099197388,0.03851936385035515,0.10867638221153846,2340.276879882841
Kevin,confirm,Confirm transaction,add_noise,-332.3869934082031,89.94251251220703,45.12211608886719,60.15132141113281,20.60727882385254,19.23196029663086,14.766788482666016,15.552334785461426,6.986682415008545,12.2433500289917,4.534609317779541,17.5727596282959,1.9066070318222046,12.10445785522461,3.8380043506622314,10.587498664855957,2.1728100776672363,10.34326171875,0.9073550701141357,8.429001808166504,0.223447784781456,10.472501754760742,1.6360033750534058,9.744815826416016,1.8929651975631714,6.427722930908203,7468.335620777027,2786.504638331696,0.03856557607650757,0.06414458155632019,0.2610809051238739,4064.825442189299
Kevin,confirm,Confirm transaction,reverse,-406.1004638671875,130.31475830078125,74.69911193847656,63.565887451171875,28.889509201049805,24.154315948486328,20.2924861907959,18.319223403930664,11.230196952819824,14.41230297088623,5.974394798278809,20.66648292541504,2.2381343841552734,13.701508522033691,2.945434808731079,11.342191696166992,2.5012147426605225,11.64513111114502,2.7239720821380615,8.493619918823242,-0.01834781840443611,11.445271492004395,2.592984676361084,10.31847095489502,1.501960277557373,7.596744060516357,4928.678605363176,2205.1913155497823,0.037892457097768784,0.06450476497411728,0.09747149493243243,2303.606947021614
Justine,approve,"Yes, approve",original,-435.3324279785156,74.82424926757812,104.55227661132812,46.710845947265625,-13.644706726074219,24.616302490234375,14.842249870300293,16.5198974609375,6.961729049682617,12.926559448242188,7.795177936553955,14.95043659210205,-9.258922576904297,15.89888858795166,-1.7506893873214722,10.280810356140137,4.240039825439453,8.17998218536377,4.567254543304443,11.232529640197754,2.9558265209198,9.345247268676758,-4.274693965911865,7.552365779876709,1.8454313278198242,7.673246383666992,3744.9685546875,1893.5818088488097,0.012820828706026077,0.018648304045200348,0.1138046875,1966.3584943680016
Justine,approve,"Yes, approve",pitch_up,-459.3624572753906,76.48570251464844,99.47200012207031,45.958255767822266,-12.453367233276367,24.40135955810547,14.110562324523926,17.788930892944336,6.033341407775879,11.308950424194336,2.0626323223114014,18.05986213684082,-11.356626510620117,16.400341033935547,3.4719293117523193,9.411852836608887,3.8444101810455322,10.322002410888672,3.857389211654663,11.261159896850586,-2.8599908351898193,7.571025371551514,-1.2451096773147583,7.805668830871582,5.06239652633667,5.905696868896484,4091.5669921875,2018.7905464451003,0.009160327725112438,0.013250011950731277,0.1287265625,2117.016360566883
Justine,approve,"Yes, approve",pitch_down,-470.95843505859375,69.96862030029297,114.99410247802734,43.839656829833984,-12.612095832824707,24.6727237701416,15.690048217773438,15.463685035705566,4.056480884552002,15.40527629852295,12.19593620300293,13.470789909362793,-6.396941184997559,18.199941635131836,-6.377932548522949,12.409126281738281,0.23821596801280975,8.967004776000977,2.282081127166748,9.843770027160645,5.725215435028076,12.358184814453125,0.12498794496059418,7.144643306732178,-4.045337677001953,7.551941394805908,3292.0822265625,1656.2273428764713,0.008753192611038685,0.01211604941636324,0.10054296875,1704.5110896424412
Justine,approve,"Yes, approve",time_stretch_fast,-467.51055908203125,77.91769409179688,114.00066375732422,43.37812423706055,-16.9506893157959,27.49641990661621,19.59531021118164,16.187602996826172,1.1843476295471191,12.239645004272461,12.112236976623535,15.835400581359863,-13.562084197998047,17.775358200073242,1.3670002222061157,10.709884643554688,2.6882429122924805,8.245965957641602,5.752347946166992,11.856966972351074,1.6863369941711426,8.846953392028809,-3.7805638313293457,7.600358486175537,1.3898543119430542,6.567867755889893,3707.9150390625,1828.4409103922446,0.00840254221111536,0.010303533636033535,0.10928664434523809,1922.3306353439045
Justine,approve,"Yes, approve",time_stretch_slow,-466.10467529296875,74.17353820800781,105.6092300415039,44.21464538574219,-10.953886985778809,24.660566329956055,14.497743606567383,15.970882415771484,5.809447288513184,12.598577499389648,6.983193874359131,15.992863655090332,-9.835472106933594,17.523469924926758,-1.7725269794464111,10.175451278686523,4.502675533294678,9.104235649108887,4.221862316131592,11.13539981842041,2.033679962158203,9.246434211730957,-4.622799873352051,7.822620868682861,1.368708610534668,6.913609027862549,3715.641495988176,1824.0372914173608,0.008574253879487514,0.012935154139995575,0.11078705658783784,1929.323114895112
Justine,approve,"Yes, approve",add_noise,-406.101318359375,63.956275939941406,75.66606140136719,45.96169662475586,2.880441188812256,21.509824752807617,7.200257301330566,14.495107650756836,10.188382148742676,11.137530326843262,4.767936706542969,13.454507827758789,-7.333557605743408,16.25935935974121,-2.3686318397521973,8.809611320495605,3.631164789199829,7.911799907684326,4.636859893798828,10.140461921691895,1.289671540260315,8.58151912689209,-2.438021659851074,6.860796928405762,0.9727927446365356,7.055185794830322,5972.44921875,2799.0449422159777,0.01289655826985836,0.018602751195430756,0.18614453125,2966.008227738616
Justine,approve,"Yes, approve",reverse,-432.8137512207031,73.82597351074219,105.39300537109375,46.00480651855469,-13.441227912902832,24.800491333007812,15.069570541381836,16.44956398010254,6.954577922821045,12.951093673706055,7.834534645080566,14.956128120422363,-9.19086742401123,15.973172187805176,-1.617745041847229,10.346226692199707,4.237117767333984,8.186296463012695,4.52747917175293,11.219900131225586,2.953296184539795,9.366436004638672,-4.181760311126709,7.6362528800964355,1.9231929779052734,7.646456718444824,3742.470703125,1892.7898672941524,0.013040087185800076,0.018644433468580246,0.11331640625,1958.6333532383317
Justine,confirm,Confirm transaction,original,-429.6628723144531,68.32335662841797,101.26319885253906,50.57627868652344,-18.749319076538086,24.02111053466797,13.543399810791016,13.878042221069336,9.556809425354004,16.6384334564209,6.7543559074401855,11.632716178894043,-9.590904235839844,13.042258262634277,-5.1238484382629395,10.61267375946045,0.6539767980575562,7.504608631134033,6.860006809234619,8.493496894836426,3.3261449337005615,9.639273643493652,-7.400925159454346,6.973714351654053,-0.2839965224266052,7.147186279296875,3619.128515625,1862.2248232504087,0.017203155905008316,0.02810772694647312,0.1193125,1929.84608120092
Justine,confirm,Confirm transaction,pitch_up,-455.8095397949219,71.6216812133789,95.55191040039062,50.89503479003906,-17.54151725769043,22.213794708251953,13.929935455322266,13.800272941589355,6.872123718261719,16.883630752563477,0.5290889739990234,12.436318397521973,-11.447632789611816,16.064346313476562,0.011370331048965454,9.88644027709961,2.3363454341888428,9.3312349319458,4.9307756423950195,10.866776466369629,-6.768141269683838,7.892526626586914,-3.6094932556152344,6.976600170135498,6.102289199829102,6.116972923278809,3891.2220703125,1999.2449922772114,0.012357281520962715,0.01997479796409607,0.13195703125,2071.3711860981684
Justine,confirm,Confirm transaction,pitch_down,-469.3179931640625,65.3470687866211,114.40766143798828,46.82217025756836,-20.051237106323242,25.2498722076416,16.06410026550293,15.362980842590332,5.566391468048096,14.798063278198242,13.210467338562012,12.218622207641602,-5.690455436706543,11.218911170959473,-6.417366981506348,12.134407997131348,-3.1571643352508545,9.159122467041016,1.326725959777832,6.803406238555908,9.386589050292969,8.59743881225586,-2.0616002082824707,8.31692123413086,-5.954188823699951,6.970684051513672,3126.5349609375,1569.793190470767,0.010696642100811005,0.015456079505383968,0.10076171875,1669.754975805722
Justine,confirm,Confirm transaction,time_stretch_fast,-462.44476318359375,69.61793518066406,110.04318237304688,48.717674255371094,-20.004901885986328,24.697181701660156,18.601526260375977,13.325265884399414,5.549668788909912,15.634679794311523,9.338424682617188,11.380535125732422,-12.670685768127441,13.234220504760742,-3.456582546234131,10.583513259887695,-0.08670391887426376,7.507068634033203,7.167111873626709,9.054586410522461,2.259218454360962,10.50893783569336,-8.137938499450684,7.696008682250977,0.12088337540626526,6.547482490539551,3478.9453125,1779.787453822784,0.011017737910151482,0.014976643957197666,0.11343005952380952,1856.980303308017
Justine,confirm,Confirm transaction,time_stretch_slow,-456.99676513671875,66.41557312011719,98.73119354248047,49.55731201171875,-13.849759101867676,24.014951705932617,10.547041893005371,13.503853797912598,10.871256828308105,15.988018989562988,5.169079303741455,11.799452781677246,-9.463006019592285,13.720882415771484,-5.0174689292907715,10.199234008789062,0.7027326226234436,7.947789669036865,6.164917469024658,8.500022888183594,2.2544538974761963,9.976764678955078,-8.076738357543945,7.344284534454346,-0.7302500605583191,7.0989670753479,3508.9663943728883,1793.8854493434192,0.013118931092321873,0.022865621373057365,0.11569626266891891,1872.806052361365
Justine,confirm,Confirm transaction,add_noise,-390.2683410644531,56.98823165893555,65.92973327636719,48.182762145996094,1.5713410377502441,21.419626235961914,5.091564655303955,13.554096221923828,9.950240135192871,12.863832473754883,5.176104545593262,9.824527740478516,-6.869108200073242,11.842166900634766,-5.8264336585998535,10.065178871154785,0.8831666111946106,7.104209899902344,5.3335700035095215,7.323512554168701,0.9704579710960388,8.14387035369873,-5.137514591217041,6.446761608123779,-0.5299378633499146,6.466092109680176,6161.080078125,2915.4231143238067,0.01735362410545349,0.02802201174199581,0.2169921875,3143.1127929984077
Justine,confirm,Confirm transaction,reverse,-427.9117736816406,66.37828063964844,102.34475708007812,49.96722412109375,-18.771217346191406,24.006826400756836,13.663900375366211,13.822545051574707,9.593400955200195,16.624177932739258,6.82923698425293,11.683246612548828,-9.455425262451172,13.197339057922363,-4.959846019744873,10.770844459533691,0.8652591705322266,7.85479211807251,6.952758312225342,8.55717945098877,3.4704630374908447,9.736080169677734,-7.222630500793457,7.338095664978027,-0.16273275017738342,7.248751163482666,3585.019921875,1878.2589750573939,0.01793566532433033,0.02894713170826435,0.11839453125,1913.3774439447864
Edwin,approve,"Yes, approve",original,-292.46807861328125,79.27770233154297,108.66116333007812,46.85050582885742,15.323431968688965,25.956445693969727,23.86935806274414,12.054292678833008,6.034534454345703,13.840062141418457,13.917309761047363,12.498719215393066,1.5877685546875,10.923486709594727,2.3060524463653564,7.579799175262451,-3.984830379486084,6.9428935050964355,5.474446773529053,5.9358134269714355,-6.4673638343811035,11.325152397155762,1.585921287536621,6.123762130737305,-4.301517486572266,7.952047348022461,4209.338721159463,2037.1461480677078,0.040248092263936996,0.053849201649427414,0.10786908586448599,2111.7313701105804
Edwin,approve,"Yes, approve",pitch_up,-321.04034423828125,76.62560272216797,104.1239013671875,43.330596923828125,16.204936981201172,28.095870971679688,19.3612117767334,13.559954643249512,8.109216690063477,14.146387100219727,9.789801597595215,12.736570358276367,-0.42291557788848877,12.690451622009277,-2.203172445297241,7.201053142547607,0.0782364085316658,5.781946659088135,-0.6164200901985168,8.4584379196167,-4.9911208152771,9.74990177154541,1.7060632705688477,6.312440872192383,0.2263185679912567,4.701943397521973,4543.405236930491,2194.714218013217,0.02780281938612461,0.03632287308573723,0.1147643472546729,2261.857411654771
Edwin,approve,"Yes, approve",pitch_down,-337.1485900878906,76.95128631591797,119.61784362792969,43.20634078979492,6.138162136077881,20.138809204101562,35.6622200012207,13.993644714355469,-2.5694568157196045,17.386823654174805,25.103546142578125,18.628816604614258,-4.39460563659668,11.408926963806152,14.229434967041016,6.873977184295654,-11.840630531311035,10.969572067260742,13.289238929748535,6.852063179016113,-8.609582901000977,11.795608520507812,6.246256351470947,8.486590385437012,-8.108882904052734,12.25266170501709,3730.5771301839955,1848.206869582819,0.025536444038152695,0.02894880250096321,0.09328453563084112,1871.4958509573853
Edwin,approve,"Yes, approve",time_stretch_fast,-324.90167236328125,79.38471984863281,107.2967529296875,47.30791091918945,17.237899780273438,25.442977905273438,22.940946578979492,12.513327598571777,7.471986770629883,14.515643119812012,14.176509857177734,12.564326286315918,1.9489076137542725,11.998387336730957,1.4742228984832764,7.84811544418335,-3.6191577911376953,7.0724968910217285,5.121285915374756,6.008857250213623,-7.371213912963867,12.384693145751953,0.6081025004386902,7.127888202667236,-4.371101379394531,8.333415985107422,4193.046929863061,2110.8605428744004,0.029009416699409485,0.0384739488363266,0.10327422752808989,2120.6967003732534
Edwin,approve,"Yes, approve",time_stretch_slow,-327.19110107421875,77.84109497070312,107.64251708984375,47.63344955444336,14.915560722351074,25.681386947631836,23.896377563476562,11.727368354797363,6.356112957000732,14.213780403137207,14.070282936096191,11.97524356842041,1.1170271635055542,11.194903373718262,2.831456422805786,7.353923797607422,-4.687657833099365,6.633530139923096,4.916750907897949,5.574373245239258,-7.036421298980713,11.255264282226562,1.422175645828247,6.638113975524902,-4.982027530670166,8.301288604736328,4235.11962890625,2080.3419713059725,0.026623085141181946,0.03495335951447487,0.10828605530753968,2140.235422513517
Edwin,approve,"Yes, approve",add_noise,-269.7708435058594,64.57807922363281,84.65252685546875,42.122657775878906,28.09278678894043,20.6236515045166,16.51642417907715,11.325495719909668,10.305221557617188,13.6409330368042,11.439337730407715,11.82461166381836,3.1358044147491455,10.230489730834961,0.48262035846710205,7.377403259277344,-1.3212336301803589,6.760205268859863,2.367717742919922,5.3686113357543945,-4.215364933013916,10.484292030334473,-0.33802738785743713,5.970699787139893,-2.545996904373169,7.583811283111572,6255.697375146028,2134.864777115126,0.04036036878824234,0.05380384996533394,0.14008652161214954,2858.596587274999
Edwin,approve,"Yes, approve",reverse,-291.3644714355469,77.18508911132812,109.09327697753906,46.532649993896484,15.329194068908691,25.912702560424805,23.92364501953125,12.133554458618164,6.0930376052856445,13.869157791137695,13.873103141784668,12.48610782623291,1.6753110885620117,10.99726390838623,2.190467596054077,7.5429205894470215,-3.954841136932373,6.957740783691406,5.466957092285156,5.903194904327393,-6.453122138977051,11.318147659301758,1.622586965560913,6.099494934082031,-4.267402648925781,8.004570007324219,4195.754691150701,2031.1531001804349,0.04023857042193413,0.05386193469166756,0.10744469188084112,2110.2994619485808
Edwin,confirm,Confirm transaction,original,-204.26832580566406,63.443450927734375,121.84444427490234,34.0504264831543,-2.352169990539551,14.890868186950684,17.667219161987305,13.020727157592773,0.3605107367038727,7.937324047088623,16.91632652282715,8.275282859802246,1.1849327087402344,7.626230239868164,8.455955505371094,6.194094657897949,-4.673276424407959,5.541140079498291,7.926901340484619,6.231592655181885,-4.717113971710205,6.884393215179443,6.468161106109619,5.0390496253967285,-0.5457777976989746,5.1797566413879395,3814.3916015625,1662.1129807590412,0.05526328086853027,0.03766407445073128,0.076015625,1844.7498815000463
Edwin,confirm,Confirm transaction,pitch_up,-230.05950927734375,60.23101043701172,113.58694458007812,29.713476181030273,-1.4593513011932373,13.821534156799316,13.215529441833496,13.584309577941895,4.136586666107178,7.926074028015137,13.849494934082031,7.322556972503662,1.0978397130966187,8.78792667388916,3.7247846126556396,7.379709720611572,-2.0498297214508057,5.895693778991699,4.818882465362549,7.158437252044678,-2.458460807800293,7.182693004608154,4.234704494476318,6.432431221008301,-5.414689540863037,5.141284942626953,4220.400146484375,1690.5645605100144,0.03758786991238594,0.02479754202067852,0.08791015625,1973.0389514796295
Edwin,confirm,Confirm transaction,pitch_down,-250.97698974609375,59.616756439208984,134.61651611328125,27.775711059570312,-10.968628883361816,15.842602729797363,29.69733428955078,12.155713081359863,-14.098753929138184,9.086270332336426,26.36063003540039,10.937636375427246,-8.693260192871094,9.338117599487305,19.9589900970459,5.7104034423828125,-12.842416763305664,6.521315097808838,15.35815715789795,6.47772741317749,-10.323277473449707,9.385018348693848,9.13206672668457,7.096058368682861,-5.340095043182373,4.425220489501953,3535.3212890625,1402.675000253214,0.03686058893799782,0.023714322596788406,0.0744580078125,1664.0975507011713
Edwin,confirm,Confirm transaction,time_stretch_fast,-235.48989868164062,63.16770935058594,119.57610321044922,29.81537437438965,0.7415000200271606,15.075760841369629,18.362945556640625,14.347599029541016,1.5732628107070923,7.629883289337158,17.29874610900879,9.002155303955078,1.3252874612808228,8.70215892791748,8.808347702026367,5.06208610534668,-4.177155494689941,5.008456707000732,7.112833499908447,6.004297256469727,-5.281623363494873,6.434103488922119,6.501455307006836,5.926716327667236,0.9885562062263489,5.152571678161621,3946.6729221573796,1608.874287206649,0.04066482186317444,0.026962270960211754,0.07470703125,1832.1981515506054
Edwin,confirm,Confirm transaction,time_stretch_slow,-237.63978576660156,60.45842361450195,118.64225006103516,30.979352951049805,-1.3752752542495728,15.368949890136719,16.86817169189453,13.353327751159668,0.3880032002925873,7.830170631408691,16.281661987304688,8.301488876342773,1.3918756246566772,8.109679222106934,8.791519165039062,5.743655204772949,-3.904878854751587,5.765563488006592,6.558361530303955,6.109724521636963,-5.31876277923584,7.119642734527588,6.182308673858643,5.7782511711120605,0.7120644450187683,5.113853454589844,3940.300105168269,1612.958001403895,0.039435677230358124,0.029495075345039368,0.07975677751068376,1865.918741673753
Edwin,confirm,Confirm transaction,add_noise,-194.97007751464844,55.48311233520508,110.5374984741211,32.50321578979492,5.9713134765625,14.313549995422363,11.403051376342773,12.418681144714355,5.35167121887207,7.769847869873047,12.775808334350586,7.887673854827881,5.033166408538818,8.304924011230469,4.6240763664245605,6.014850616455078,-0.8502755165100098,5.263611316680908,4.083162307739258,5.674036026000977,-1.1973384618759155,6.596911907196045,3.192214250564575,4.998577117919922,2.50964093208313,5.212625503540039,4428.841552734375,1756.901798889942,0.055303167551755905,0.037634070962667465,0.0829736328125,2083.9773496109556
Edwin,confirm,Confirm transaction,reverse,-203.69146728515625,61.3520393371582,121.86258697509766,34.02633285522461,-2.341082811355591,14.864755630493164,17.689579010009766,13.038227081298828,0.33926844596862793,7.932001113891602,16.91741180419922,8.20605754852295,1.206397533416748,7.648797035217285,8.42932415008545,6.198286056518555,-4.6839823722839355,5.516924858093262,7.913156509399414,6.221523761749268,-4.728812217712402,6.901055812835693,6.4474310874938965,5.035431861877441,-0.5269290208816528,5.19135856628418,3820.959228515625,1657.7587110815732,0.05534091964364052,0.037558864802122116,0.075830078125,1846.3395573996331
